,Loan_ID,Gender,Married,Dependents,Education,Self_Employed,ApplicantIncome,CoapplicantIncome,LoanAmount,Loan_Amount_Term,Credit_History,Property_Area,Loan_Status,Loan_Status_Num,TotalIncome,IncomeToLoanRatio
0,LP001002,1,0,0.0,0,0,5849,0.0,128.0,360.0,1.0,2,1,1,5849.0,45.6953125
1,LP001003,1,1,1.0,0,0,4583,1508.0,128.0,360.0,1.0,0,0,0,6091.0,47.5859375
2,LP001005,1,1,0.0,0,1,3000,0.0,66.0,360.0,1.0,2,1,1,3000.0,45.45454545454545
3,LP001006,1,1,0.0,1,0,2583,2358.0,120.0,360.0,1.0,2,1,1,4941.0,41.175
4,LP001008,1,0,0.0,0,0,6000,0.0,141.0,360.0,1.0,2,1,1,6000.0,42.5531914893617
5,LP001011,1,1,2.0,0,1,5417,4196.0,267.0,360.0,1.0,2,1,1,9613.0,36.00374531835206
6,LP001013,1,1,0.0,1,0,2333,1516.0,95.0,360.0,1.0,2,1,1,3849.0,40.51578947368421
7,LP001014,1,1,3.0,0,0,3036,2504.0,158.0,360.0,0.0,1,0,0,5540.0,35.063291139240505
8,LP001018,1,1,2.0,0,0,4006,1526.0,168.0,360.0,1.0,2,1,1,5532.0,32.92857142857143
9,LP001020,1,1,1.0,0,0,12841,10968.0,349.0,360.0,1.0,1,0,0,23809.0,68.22063037249283
10,LP001024,1,1,2.0,0,0,3200,700.0,70.0,360.0,1.0,2,1,1,3900.0,55.714285714285715
11,LP001027,1,1,2.0,0,0,2500,1840.0,109.0,360.0,1.0,2,1,1,4340.0,39.81651376146789
12,LP001028,1,1,2.0,0,0,3073,8106.0,200.0,360.0,1.0,2,1,1,11179.0,55.895
13,LP001029,1,0,0.0,0,0,1853,2840.0,114.0,360.0,1.0,0,0,0,4693.0,41.166666666666664
14,LP001030,1,1,2.0,0,0,1299,1086.0,17.0,120.0,1.0,2,1,1,2385.0,140.2941176470588
15,LP001032,1,0,0.0,0,0,4950,0.0,125.0,360.0,1.0,2,1,1,4950.0,39.6
16,LP001034,1,0,1.0,1,0,3596,0.0,100.0,240.0,1.0,2,1,1,3596.0,35.96
17,LP001036,0,0,0.0,0,0,3510,0.0,76.0,360.0,0.0,2,0,0,3510.0,46.18421052631579
18,LP001038,1,1,0.0,1,0,4887,0.0,133.0,360.0,1.0,0,0,0,4887.0,36.744360902255636
19,LP001041,1,1,0.0,0,0,2600,3500.0,115.0,360.0,1.0,2,1,1,6100.0,53.04347826086956
20,LP001043,1,1,0.0,1,0,7660,0.0,104.0,360.0,0.0,2,0,0,7660.0,73.65384615384616
21,LP001046,1,1,1.0,0,0,5955,5625.0,315.0,360.0,1.0,2,1,1,11580.0,36.76190476190476
22,LP001047,1,1,0.0,1,0,2600,1911.0,116.0,360.0,0.0,1,0,0,4511.0,38.88793103448276
23,LP001050,1,1,2.0,1,0,3365,1917.0,112.0,360.0,0.0,0,0,0,5282.0,47.160714285714285
24,LP001052,1,1,1.0,0,0,3717,2925.0,151.0,360.0,1.0,1,0,0,6642.0,43.98675496688742
25,LP001066,1,1,0.0,0,1,9560,0.0,191.0,360.0,1.0,1,1,1,9560.0,50.05235602094241
26,LP001068,1,1,0.0,0,0,2799,2253.0,122.0,360.0,1.0,1,1,1,5052.0,41.40983606557377
27,LP001073,1,1,2.0,1,0,4226,1040.0,110.0,360.0,1.0,2,1,1,5266.0,47.872727272727275
28,LP001086,1,0,0.0,1,0,1442,0.0,35.0,360.0,1.0,2,0,0,1442.0,41.2
29,LP001087,0,0,2.0,0,0,3750,2083.0,120.0,360.0,1.0,1,1,1,5833.0,48.608333333333334
30,LP001091,1,1,1.0,0,0,4166,3369.0,201.0,360.0,1.0,2,0,0,7535.0,37.48756218905473
31,LP001095,1,0,0.0,0,0,3167,0.0,74.0,360.0,1.0,2,0,0,3167.0,42.7972972972973
32,LP001097,1,0,1.0,0,1,4692,0.0,106.0,360.0,1.0,0,0,0,4692.0,44.264150943396224
33,LP001098,1,1,0.0,0,0,3500,1667.0,114.0,360.0,1.0,1,1,1,5167.0,45.324561403508774
34,LP001100,1,0,3.0,0,0,12500,3000.0,320.0,360.0,1.0,0,0,0,15500.0,48.4375
35,LP001106,1,1,0.0,0,0,2275,2067.0,128.0,360.0,1.0,2,1,1,4342.0,33.921875
36,LP001109,1,1,0.0,0,0,1828,1330.0,100.0,360.0,0.0,2,0,0,3158.0,31.58
37,LP001112,0,1,0.0,0,0,3667,1459.0,144.0,360.0,1.0,1,1,1,5126.0,35.59722222222222
38,LP001114,1,0,0.0,0,0,4166,7210.0,184.0,360.0,1.0,2,1,1,11376.0,61.82608695652174
39,LP001116,1,0,0.0,1,0,3748,1668.0,110.0,360.0,1.0,1,1,1,5416.0,49.236363636363635
40,LP001119,1,0,0.0,0,0,3600,0.0,80.0,360.0,1.0,2,0,0,3600.0,45.0
41,LP001120,1,0,0.0,0,0,1800,1213.0,47.0,360.0,1.0,2,1,1,3013.0,64.1063829787234
42,LP001123,1,1,0.0,0,0,2400,0.0,75.0,360.0,1.0,2,1,1,2400.0,32.0
43,LP001131,1,1,0.0,0,0,3941,2336.0,134.0,360.0,1.0,1,1,1,6277.0,46.843283582089555
44,LP001136,1,1,0.0,1,1,4695,0.0,96.0,360.0,1.0,2,1,1,4695.0,48.90625
45,LP001137,0,0,0.0,0,0,3410,0.0,88.0,360.0,1.0,2,1,1,3410.0,38.75
46,LP001138,1,1,1.0,0,0,5649,0.0,44.0,360.0,1.0,2,1,1,5649.0,128.38636363636363
47,LP001144,1,1,0.0,0,0,5821,0.0,144.0,360.0,1.0,2,1,1,5821.0,40.423611111111114
48,LP001146,0,1,0.0,0,0,2645,3440.0,120.0,360.0,0.0,2,0,0,6085.0,50.708333333333336
49,LP001151,0,0,0.0,0,0,4000,2275.0,144.0,360.0,1.0,1,1,1,6275.0,43.576388888888886
50,LP001155,0,1,0.0,1,0,1928,1644.0,100.0,360.0,1.0,1,1,1,3572.0,35.72
51,LP001157,0,0,0.0,0,0,3086,0.0,120.0,360.0,1.0,1,1,1,3086.0,25.716666666666665
52,LP001164,0,0,0.0,0,0,4230,0.0,112.0,360.0,1.0,1,0,0,4230.0,37.767857142857146
53,LP001179,1,1,2.0,0,0,4616,0.0,134.0,360.0,1.0,2,0,0,4616.0,34.44776119402985
54,LP001186,0,1,1.0,0,1,11500,0.0,286.0,360.0,0.0,2,0,0,11500.0,40.20979020979021
55,LP001194,1,1,2.0,0,0,2708,1167.0,97.0,360.0,1.0,1,1,1,3875.0,39.94845360824742
56,LP001195,1,1,0.0,0,0,2132,1591.0,96.0,360.0,1.0,1,1,1,3723.0,38.78125
57,LP001197,1,1,0.0,0,0,3366,2200.0,135.0,360.0,1.0,0,0,0,5566.0,41.22962962962963
58,LP001198,1,1,1.0,0,0,8080,2250.0,180.0,360.0,1.0,2,1,1,10330.0,57.388888888888886
59,LP001199,1,1,2.0,1,0,3357,2859.0,144.0,360.0,1.0,2,1,1,6216.0,43.166666666666664
60,LP001205,1,1,0.0,0,0,2500,3796.0,120.0,360.0,1.0,2,1,1,6296.0,52.46666666666667
61,LP001206,1,1,3.0,0,0,3029,0.0,99.0,360.0,1.0,2,1,1,3029.0,30.595959595959595
62,LP001207,1,1,0.0,1,1,2609,3449.0,165.0,180.0,0.0,0,0,0,6058.0,36.71515151515152
63,LP001213,1,1,1.0,0,0,4945,0.0,128.0,360.0,0.0,0,0,0,4945.0,38.6328125
64,LP001222,0,0,0.0,0,0,4166,0.0,116.0,360.0,0.0,1,0,0,4166.0,35.91379310344828
65,LP001225,1,1,0.0,0,0,5726,4595.0,258.0,360.0,1.0,1,0,0,10321.0,40.00387596899225
66,LP001228,1,0,0.0,1,0,3200,2254.0,126.0,180.0,0.0,2,0,0,5454.0,43.285714285714285
67,LP001233,1,1,1.0,0,0,10750,0.0,312.0,360.0,1.0,2,1,1,10750.0,34.455128205128204
68,LP001238,1,1,3.0,1,1,7100,0.0,125.0,60.0,1.0,2,1,1,7100.0,56.8
69,LP001241,0,0,0.0,0,0,4300,0.0,136.0,360.0,0.0,1,0,0,4300.0,31.61764705882353
70,LP001243,1,1,0.0,0,0,3208,3066.0,172.0,360.0,1.0,2,1,1,6274.0,36.47674418604651
71,LP001245,1,1,2.0,1,1,1875,1875.0,97.0,360.0,1.0,1,1,1,3750.0,38.65979381443299
72,LP001248,1,0,0.0,0,0,3500,0.0,81.0,300.0,1.0,1,1,1,3500.0,43.20987654320987
73,LP001250,1,1,3.0,1,0,4755,0.0,95.0,360.0,0.0,1,0,0,4755.0,50.05263157894737
74,LP001253,1,1,3.0,0,1,5266,1774.0,187.0,360.0,1.0,1,1,1,7040.0,37.64705882352941
75,LP001255,1,0,0.0,0,0,3750,0.0,113.0,480.0,1.0,2,0,0,3750.0,33.1858407079646
76,LP001256,1,0,0.0,0,0,3750,4750.0,176.0,360.0,1.0,2,0,0,8500.0,48.29545454545455
77,LP001259,1,1,1.0,0,1,1000,3022.0,110.0,360.0,1.0,2,0,0,4022.0,36.56363636363636
78,LP001263,1,1,3.0,0,0,3167,4000.0,180.0,300.0,0.0,1,0,0,7167.0,39.81666666666667
79,LP001264,1,1,3.0,1,1,3333,2166.0,130.0,360.0,1.0,1,1,1,5499.0,42.3
80,LP001265,0,0,0.0,0,0,3846,0.0,111.0,360.0,1.0,1,1,1,3846.0,34.648648648648646
81,LP001266,1,1,1.0,0,1,2395,0.0,128.0,360.0,1.0,1,1,1,2395.0,18.7109375
82,LP001267,0,1,2.0,0,0,1378,1881.0,167.0,360.0,1.0,2,0,0,3259.0,19.51497005988024
83,LP001273,1,1,0.0,0,0,6000,2250.0,265.0,360.0,1.0,1,0,0,8250.0,31.132075471698112
84,LP001275,1,1,1.0,0,0,3988,0.0,50.0,240.0,1.0,2,1,1,3988.0,79.76
85,LP001279,1,0,0.0,0,0,2366,2531.0,136.0,360.0,1.0,1,1,1,4897.0,36.00735294117647
86,LP001280,1,1,2.0,1,0,3333,2000.0,99.0,360.0,1.0,1,1,1,5333.0,53.86868686868687
87,LP001282,1,1,0.0,0,0,2500,2118.0,104.0,360.0,1.0,1,1,1,4618.0,44.40384615384615
88,LP001289,1,0,0.0,0,0,8566,0.0,210.0,360.0,1.0,2,1,1,8566.0,40.79047619047619
89,LP001310,1,1,0.0,0,0,5695,4167.0,175.0,360.0,1.0,1,1,1,9862.0,56.354285714285716
90,LP001316,1,1,0.0,0,0,2958,2900.0,131.0,360.0,1.0,1,1,1,5858.0,44.717557251908396
91,LP001318,1,1,2.0,0,0,6250,5654.0,188.0,180.0,1.0,1,1,1,11904.0,63.319148936170215
92,LP001319,1,1,2.0,1,0,3273,1820.0,81.0,360.0,1.0,2,1,1,5093.0,62.876543209876544
93,LP001322,1,0,0.0,0,0,4133,0.0,122.0,360.0,1.0,1,1,1,4133.0,33.877049180327866
94,LP001325,1,0,0.0,1,0,3620,0.0,25.0,120.0,1.0,1,1,1,3620.0,144.8
95,LP001326,1,0,0.0,0,0,6782,0.0,128.0,360.0,1.0,2,0,0,6782.0,52.984375
96,LP001327,0,1,0.0,0,0,2484,2302.0,137.0,360.0,1.0,1,1,1,4786.0,34.934306569343065
97,LP001333,1,1,0.0,0,0,1977,997.0,50.0,360.0,1.0,1,1,1,2974.0,59.48
98,LP001334,1,1,0.0,1,0,4188,0.0,115.0,180.0,1.0,1,1,1,4188.0,36.417391304347824
99,LP001343,1,1,0.0,0,0,1759,3541.0,131.0,360.0,1.0,1,1,1,5300.0,40.458015267175576
100,LP001345,1,1,2.0,1,0,4288,3263.0,133.0,180.0,1.0,2,1,1,7551.0,56.774436090225564
101,LP001349,1,0,0.0,0,0,4843,3806.0,151.0,360.0,1.0,1,1,1,8649.0,57.27814569536424
102,LP001350,1,1,0.0,0,0,13650,0.0,128.0,360.0,1.0,2,1,1,13650.0,106.640625
103,LP001356,1,1,0.0,0,0,4652,3583.0,128.0,360.0,1.0,1,1,1,8235.0,64.3359375
104,LP001357,1,1,0.0,0,0,3816,754.0,160.0,360.0,1.0,2,1,1,4570.0,28.5625
105,LP001367,1,1,1.0,0,0,3052,1030.0,100.0,360.0,1.0,2,1,1,4082.0,40.82
106,LP001369,1,1,2.0,0,0,11417,1126.0,225.0,360.0,1.0,2,1,1,12543.0,55.74666666666667
107,LP001370,1,0,0.0,1,0,7333,0.0,120.0,360.0,1.0,0,0,0,7333.0,61.108333333333334
108,LP001379,1,1,2.0,0,0,3800,3600.0,216.0,360.0,0.0,2,0,0,7400.0,34.25925925925926
109,LP001384,1,1,3.0,1,0,2071,754.0,94.0,480.0,1.0,1,1,1,2825.0,30.0531914893617
110,LP001385,1,0,0.0,0,0,5316,0.0,136.0,360.0,1.0,2,1,1,5316.0,39.088235294117645
111,LP001387,0,1,0.0,0,0,2929,2333.0,139.0,360.0,1.0,1,1,1,5262.0,37.856115107913666
112,LP001391,1,1,0.0,1,0,3572,4114.0,152.0,360.0,0.0,0,0,0,7686.0,50.56578947368421
113,LP001392,0,0,1.0,0,1,7451,0.0,128.0,360.0,1.0,1,1,1,7451.0,58.2109375
114,LP001398,1,0,0.0,0,0,5050,0.0,118.0,360.0,1.0,1,1,1,5050.0,42.79661016949152
115,LP001401,1,1,1.0,0,0,14583,0.0,185.0,180.0,1.0,0,1,1,14583.0,78.82702702702703
116,LP001404,0,1,0.0,0,0,3167,2283.0,154.0,360.0,1.0,1,1,1,5450.0,35.38961038961039
117,LP001405,1,1,1.0,0,0,2214,1398.0,85.0,360.0,1.0,2,1,1,3612.0,42.49411764705882
118,LP001421,1,1,0.0,0,0,5568,2142.0,175.0,360.0,1.0,0,0,0,7710.0,44.05714285714286
119,LP001422,0,0,0.0,0,0,10408,0.0,259.0,360.0,1.0,2,1,1,10408.0,40.18532818532819
120,LP001426,1,1,0.0,0,0,5667,2667.0,180.0,360.0,1.0,0,1,1,8334.0,46.3
121,LP001430,0,0,0.0,0,0,4166,0.0,44.0,360.0,1.0,1,1,1,4166.0,94.68181818181819
122,LP001431,0,0,0.0,0,0,2137,8980.0,137.0,360.0,0.0,1,1,1,11117.0,81.14598540145985
123,LP001432,1,1,2.0,0,0,2957,0.0,81.0,360.0,1.0,1,1,1,2957.0,36.50617283950617
124,LP001439,1,1,0.0,1,0,4300,2014.0,194.0,360.0,1.0,0,1,1,6314.0,32.54639175257732
125,LP001443,0,0,0.0,0,0,3692,0.0,93.0,360.0,1.0,0,1,1,3692.0,39.69892473118279
126,LP001448,1,1,3.0,0,0,23803,0.0,370.0,360.0,1.0,0,1,1,23803.0,64.33243243243243
127,LP001449,1,0,0.0,0,0,3865,1640.0,128.0,360.0,1.0,0,1,1,5505.0,43.0078125
128,LP001451,1,1,1.0,0,1,10513,3850.0,160.0,180.0,0.0,2,0,0,14363.0,89.76875
129,LP001465,1,1,0.0,0,0,6080,2569.0,182.0,360.0,1.0,0,0,0,8649.0,47.52197802197802
130,LP001469,1,0,0.0,0,1,20166,0.0,650.0,480.0,1.0,2,1,1,20166.0,31.024615384615384
131,LP001473,1,0,0.0,0,0,2014,1929.0,74.0,360.0,1.0,2,1,1,3943.0,53.28378378378378
132,LP001478,1,0,0.0,0,0,2718,0.0,70.0,360.0,1.0,1,1,1,2718.0,38.82857142857143
133,LP001482,1,1,0.0,0,1,3459,0.0,25.0,120.0,1.0,1,1,1,3459.0,138.36
134,LP001487,1,0,0.0,0,0,4895,0.0,102.0,360.0,1.0,1,1,1,4895.0,47.990196078431374
135,LP001488,1,1,3.0,0,0,4000,7750.0,290.0,360.0,1.0,1,0,0,11750.0,40.51724137931034
136,LP001489,0,1,0.0,0,0,4583,0.0,84.0,360.0,1.0,0,0,0,4583.0,54.55952380952381
137,LP001491,1,1,2.0,0,1,3316,3500.0,88.0,360.0,1.0,2,1,1,6816.0,77.45454545454545
138,LP001492,1,0,0.0,0,0,14999,0.0,242.0,360.0,0.0,1,0,0,14999.0,61.97933884297521
139,LP001493,1,1,2.0,1,0,4200,1430.0,129.0,360.0,1.0,0,0,0,5630.0,43.64341085271318
140,LP001497,1,1,2.0,0,0,5042,2083.0,185.0,360.0,1.0,0,0,0,7125.0,38.513513513513516
141,LP001498,1,0,0.0,0,0,5417,0.0,168.0,360.0,1.0,2,1,1,5417.0,32.24404761904762
142,LP001504,1,0,0.0,0,1,6950,0.0,175.0,180.0,1.0,1,1,1,6950.0,39.714285714285715
143,LP001507,1,1,0.0,0,0,2698,2034.0,122.0,360.0,1.0,1,1,1,4732.0,38.78688524590164
144,LP001508,1,1,2.0,0,0,11757,0.0,187.0,180.0,1.0,2,1,1,11757.0,62.8716577540107
145,LP001514,0,1,0.0,0,0,2330,4486.0,100.0,360.0,1.0,1,1,1,6816.0,68.16
146,LP001516,0,1,2.0,0,0,14866,0.0,70.0,360.0,1.0,2,1,1,14866.0,212.37142857142857
147,LP001518,1,1,1.0,0,0,1538,1425.0,30.0,360.0,1.0,2,1,1,2963.0,98.76666666666667
148,LP001519,0,0,0.0,0,0,10000,1666.0,225.0,360.0,1.0,0,0,0,11666.0,51.84888888888889
149,LP001520,1,1,0.0,0,0,4860,830.0,125.0,360.0,1.0,1,1,1,5690.0,45.52
150,LP001528,1,0,0.0,0,0,6277,0.0,118.0,360.0,0.0,0,0,0,6277.0,53.19491525423729
151,LP001529,1,1,0.0,0,1,2577,3750.0,152.0,360.0,1.0,0,1,1,6327.0,41.625
152,LP001531,1,0,0.0,0,0,9166,0.0,244.0,360.0,1.0,2,0,0,9166.0,37.5655737704918
153,LP001532,1,1,2.0,1,0,2281,0.0,113.0,360.0,1.0,0,0,0,2281.0,20.1858407079646
154,LP001535,1,0,0.0,0,0,3254,0.0,50.0,360.0,1.0,2,1,1,3254.0,65.08
155,LP001536,1,1,3.0,0,0,39999,0.0,600.0,180.0,0.0,1,1,1,39999.0,66.665
156,LP001541,1,1,1.0,0,0,6000,0.0,160.0,360.0,1.0,0,1,1,6000.0,37.5
157,LP001543,1,1,1.0,0,0,9538,0.0,187.0,360.0,1.0,2,1,1,9538.0,51.00534759358289
158,LP001546,1,0,0.0,0,0,2980,2083.0,120.0,360.0,1.0,0,1,1,5063.0,42.19166666666667
159,LP001552,1,1,0.0,0,0,4583,5625.0,255.0,360.0,1.0,1,1,1,10208.0,40.03137254901961
160,LP001560,1,1,0.0,1,0,1863,1041.0,98.0,360.0,1.0,1,1,1,2904.0,29.632653061224488
161,LP001562,1,1,0.0,0,0,7933,0.0,275.0,360.0,1.0,2,0,0,7933.0,28.847272727272728
162,LP001565,1,1,1.0,0,0,3089,1280.0,121.0,360.0,0.0,1,0,0,4369.0,36.107438016528924
163,LP001570,1,1,2.0,0,0,4167,1447.0,158.0,360.0,1.0,0,1,1,5614.0,35.53164556962025
164,LP001572,1,1,0.0,0,0,9323,0.0,75.0,180.0,1.0,2,1,1,9323.0,124.30666666666667
165,LP001574,1,1,0.0,0,0,3707,3166.0,182.0,360.0,1.0,0,1,1,6873.0,37.76373626373626
166,LP001577,0,1,0.0,0,0,4583,0.0,112.0,360.0,1.0,0,0,0,4583.0,40.919642857142854
167,LP001578,1,1,0.0,0,0,2439,3333.0,129.0,360.0,1.0,0,1,1,5772.0,44.74418604651163
168,LP001579,1,0,0.0,0,0,2237,0.0,63.0,480.0,0.0,1,0,0,2237.0,35.507936507936506
169,LP001580,1,1,2.0,0,0,8000,0.0,200.0,360.0,1.0,1,1,1,8000.0,40.0
170,LP001581,1,1,0.0,1,0,1820,1769.0,95.0,360.0,1.0,0,1,1,3589.0,37.77894736842105
171,LP001585,1,1,3.0,0,0,51763,0.0,700.0,300.0,1.0,2,1,1,51763.0,73.94714285714285
172,LP001586,1,1,3.0,1,0,3522,0.0,81.0,180.0,1.0,0,0,0,3522.0,43.48148148148148
173,LP001594,1,1,0.0,0,0,5708,5625.0,187.0,360.0,1.0,1,1,1,11333.0,60.60427807486631
174,LP001603,1,1,0.0,1,1,4344,736.0,87.0,360.0,1.0,1,0,0,5080.0,58.39080459770115
175,LP001606,1,1,0.0,0,0,3497,1964.0,116.0,360.0,1.0,0,1,1,5461.0,47.077586206896555
176,LP001608,1,1,2.0,0,0,2045,1619.0,101.0,360.0,1.0,0,1,1,3664.0,36.277227722772274
177,LP001610,1,1,3.0,0,0,5516,11300.0,495.0,360.0,0.0,1,0,0,16816.0,33.971717171717174
178,LP001616,1,1,1.0,0,0,3750,0.0,116.0,360.0,1.0,1,1,1,3750.0,32.327586206896555
179,LP001630,1,0,0.0,1,0,2333,1451.0,102.0,480.0,0.0,2,0,0,3784.0,37.09803921568628
180,LP001633,1,1,1.0,0,0,6400,7250.0,180.0,360.0,0.0,2,0,0,13650.0,75.83333333333333
181,LP001634,1,0,0.0,0,0,1916,5063.0,67.0,360.0,1.0,0,0,0,6979.0,104.16417910447761
182,LP001636,1,1,0.0,0,0,4600,0.0,73.0,180.0,1.0,1,1,1,4600.0,63.013698630136986
183,LP001637,1,1,1.0,0,0,33846,0.0,260.0,360.0,1.0,1,0,0,33846.0,130.1769230769231
184,LP001639,0,1,0.0,0,0,3625,0.0,108.0,360.0,1.0,1,1,1,3625.0,33.56481481481482
185,LP001640,1,1,0.0,0,1,39147,4750.0,120.0,360.0,1.0,1,1,1,43897.0,365.80833333333334
186,LP001641,1,1,1.0,0,1,2178,0.0,66.0,300.0,0.0,0,0,0,2178.0,33.0
187,LP001643,1,1,0.0,0,0,2383,2138.0,58.0,360.0,1.0,0,1,1,4521.0,77.94827586206897
188,LP001644,1,1,0.0,0,1,674,5296.0,168.0,360.0,1.0,0,1,1,5970.0,35.535714285714285
189,LP001647,1,1,0.0,0,0,9328,0.0,188.0,180.0,1.0,0,1,1,9328.0,49.61702127659574
190,LP001653,1,0,0.0,1,0,4885,0.0,48.0,360.0,1.0,0,1,1,4885.0,101.77083333333333
191,LP001656,1,0,0.0,0,0,12000,0.0,164.0,360.0,1.0,1,0,0,12000.0,73.17073170731707
192,LP001657,1,1,0.0,1,0,6033,0.0,160.0,360.0,1.0,2,0,0,6033.0,37.70625
193,LP001658,1,0,0.0,0,0,3858,0.0,76.0,360.0,1.0,1,1,1,3858.0,50.76315789473684
194,LP001664,1,0,0.0,0,0,4191,0.0,120.0,360.0,1.0,0,1,1,4191.0,34.925
195,LP001665,1,1,1.0,0,0,3125,2583.0,170.0,360.0,1.0,1,0,0,5708.0,33.576470588235296
196,LP001666,1,0,0.0,0,0,8333,3750.0,187.0,360.0,1.0,0,1,1,12083.0,64.61497326203208
197,LP001669,0,0,0.0,1,0,1907,2365.0,120.0,360.0,1.0,2,1,1,4272.0,35.6
198,LP001671,0,1,0.0,0,0,3416,2816.0,113.0,360.0,1.0,1,1,1,6232.0,55.150442477876105
199,LP001673,1,0,0.0,0,1,11000,0.0,83.0,360.0,1.0,2,0,0,11000.0,132.53012048192772
200,LP001674,1,1,1.0,1,0,2600,2500.0,90.0,360.0,1.0,1,1,1,5100.0,56.666666666666664
201,LP001677,1,0,2.0,0,0,4923,0.0,166.0,360.0,0.0,1,1,1,4923.0,29.656626506024097
202,LP001682,1,1,3.0,1,0,3992,0.0,128.0,180.0,1.0,2,0,0,3992.0,31.1875
203,LP001688,1,1,1.0,1,0,3500,1083.0,135.0,360.0,1.0,2,1,1,4583.0,33.94814814814815
204,LP001691,1,1,2.0,1,0,3917,0.0,124.0,360.0,1.0,1,1,1,3917.0,31.588709677419356
205,LP001692,0,0,0.0,1,0,4408,0.0,120.0,360.0,1.0,1,1,1,4408.0,36.733333333333334
206,LP001693,0,0,0.0,0,0,3244,0.0,80.0,360.0,1.0,2,1,1,3244.0,40.55
207,LP001698,1,0,0.0,1,0,3975,2531.0,55.0,360.0,1.0,0,1,1,6506.0,118.2909090909091
208,LP001699,1,0,0.0,0,0,2479,0.0,59.0,360.0,1.0,2,1,1,2479.0,42.016949152542374
209,LP001702,1,0,0.0,0,0,3418,0.0,127.0,360.0,1.0,1,0,0,3418.0,26.913385826771652
210,LP001708,0,0,0.0,0,0,10000,0.0,214.0,360.0,1.0,1,0,0,10000.0,46.728971962616825
211,LP001711,1,1,3.0,0,0,3430,1250.0,128.0,360.0,0.0,1,0,0,4680.0,36.5625
212,LP001713,1,1,1.0,0,1,7787,0.0,240.0,360.0,1.0,2,1,1,7787.0,32.44583333333333
213,LP001715,1,1,3.0,1,1,5703,0.0,130.0,360.0,1.0,0,1,1,5703.0,43.86923076923077
214,LP001716,1,1,0.0,0,0,3173,3021.0,137.0,360.0,1.0,2,1,1,6194.0,45.21167883211679
215,LP001720,1,1,3.0,1,0,3850,983.0,100.0,360.0,1.0,1,1,1,4833.0,48.33
216,LP001722,1,1,0.0,0,0,150,1800.0,135.0,360.0,1.0,0,0,0,1950.0,14.444444444444445
217,LP001726,1,1,0.0,0,0,3727,1775.0,131.0,360.0,1.0,1,1,1,5502.0,42.0
218,LP001732,1,1,2.0,0,0,5000,0.0,72.0,360.0,0.0,1,0,0,5000.0,69.44444444444444
219,LP001734,0,1,2.0,0,0,4283,2383.0,127.0,360.0,1.0,1,1,1,6666.0,52.488188976377955
220,LP001736,1,1,0.0,0,0,2221,0.0,60.0,360.0,0.0,2,0,0,2221.0,37.016666666666666
221,LP001743,1,1,2.0,0,0,4009,1717.0,116.0,360.0,1.0,1,1,1,5726.0,49.36206896551724
222,LP001744,1,0,0.0,0,0,2971,2791.0,144.0,360.0,1.0,1,1,1,5762.0,40.013888888888886
223,LP001749,1,1,0.0,0,0,7578,1010.0,175.0,360.0,1.0,1,1,1,8588.0,49.074285714285715
224,LP001750,1,1,0.0,0,0,6250,0.0,128.0,360.0,1.0,1,1,1,6250.0,48.828125
225,LP001751,1,1,0.0,0,0,3250,0.0,170.0,360.0,1.0,0,0,0,3250.0,19.11764705882353
226,LP001754,1,1,0.0,1,1,4735,0.0,138.0,360.0,1.0,2,0,0,4735.0,34.31159420289855
227,LP001758,1,1,2.0,0,0,6250,1695.0,210.0,360.0,1.0,1,1,1,7945.0,37.833333333333336
228,LP001760,1,1,0.0,0,0,4758,0.0,158.0,480.0,1.0,1,1,1,4758.0,30.11392405063291
229,LP001761,1,0,0.0,0,1,6400,0.0,200.0,360.0,1.0,0,1,1,6400.0,32.0
230,LP001765,1,1,1.0,0,0,2491,2054.0,104.0,360.0,1.0,1,1,1,4545.0,43.70192307692308
231,LP001768,1,1,0.0,0,0,3716,0.0,42.0,180.0,1.0,0,1,1,3716.0,88.47619047619048
232,LP001770,1,0,0.0,1,0,3189,2598.0,120.0,360.0,1.0,0,1,1,5787.0,48.225
233,LP001776,0,0,0.0,0,0,8333,0.0,280.0,360.0,1.0,1,1,1,8333.0,29.760714285714286
234,LP001778,1,1,1.0,0,0,3155,1779.0,140.0,360.0,1.0,1,1,1,4934.0,35.24285714285714
235,LP001784,1,1,1.0,0,0,5500,1260.0,170.0,360.0,1.0,0,1,1,6760.0,39.76470588235294
236,LP001786,1,1,0.0,0,0,5746,0.0,255.0,360.0,1.0,2,0,0,5746.0,22.533333333333335
237,LP001788,0,0,0.0,0,1,3463,0.0,122.0,360.0,1.0,2,1,1,3463.0,28.385245901639344
238,LP001790,0,0,1.0,0,0,3812,0.0,112.0,360.0,1.0,0,1,1,3812.0,34.035714285714285
239,LP001792,1,1,1.0,0,0,3315,0.0,96.0,360.0,1.0,1,1,1,3315.0,34.53125
240,LP001798,1,1,2.0,0,0,5819,5000.0,120.0,360.0,1.0,0,1,1,10819.0,90.15833333333333
241,LP001800,1,1,1.0,1,0,2510,1983.0,140.0,180.0,1.0,2,0,0,4493.0,32.09285714285714
242,LP001806,1,0,0.0,0,0,2965,5701.0,155.0,60.0,1.0,2,1,1,8666.0,55.909677419354836
243,LP001807,1,1,2.0,0,1,6250,1300.0,108.0,360.0,1.0,0,1,1,7550.0,69.9074074074074
244,LP001811,1,1,0.0,1,0,3406,4417.0,123.0,360.0,1.0,1,1,1,7823.0,63.60162601626016
245,LP001813,1,0,0.0,0,1,6050,4333.0,120.0,180.0,1.0,2,0,0,10383.0,86.525
246,LP001814,1,1,2.0,0,0,9703,0.0,112.0,360.0,1.0,2,1,1,9703.0,86.63392857142857
247,LP001819,1,1,1.0,1,0,6608,0.0,137.0,180.0,1.0,2,1,1,6608.0,48.23357664233577
248,LP001824,1,1,1.0,0,0,2882,1843.0,123.0,480.0,1.0,1,1,1,4725.0,38.41463414634146
249,LP001825,1,1,0.0,0,0,1809,1868.0,90.0,360.0,1.0,2,1,1,3677.0,40.855555555555554
250,LP001835,1,1,0.0,1,0,1668,3890.0,201.0,360.0,0.0,1,0,0,5558.0,27.65174129353234
251,LP001836,0,0,2.0,0,0,3427,0.0,138.0,360.0,1.0,2,0,0,3427.0,24.833333333333332
252,LP001841,1,0,0.0,1,1,2583,2167.0,104.0,360.0,1.0,0,1,1,4750.0,45.67307692307692
253,LP001843,1,1,1.0,1,0,2661,7101.0,279.0,180.0,1.0,1,1,1,9762.0,34.98924731182796
254,LP001844,1,0,0.0,0,1,16250,0.0,192.0,360.0,0.0,2,0,0,16250.0,84.63541666666667
255,LP001846,0,0,3.0,0,0,3083,0.0,255.0,360.0,1.0,0,1,1,3083.0,12.090196078431372
256,LP001849,1,0,0.0,1,0,6045,0.0,115.0,360.0,0.0,0,0,0,6045.0,52.56521739130435
257,LP001854,1,1,3.0,0,0,5250,0.0,94.0,360.0,1.0,2,0,0,5250.0,55.851063829787236
258,LP001859,1,1,0.0,0,0,14683,2100.0,304.0,360.0,1.0,0,0,0,16783.0,55.20723684210526
259,LP001864,1,1,3.0,1,0,4931,0.0,128.0,360.0,1.0,1,0,0,4931.0,38.5234375
260,LP001865,1,1,1.0,0,0,6083,4250.0,330.0,360.0,1.0,2,1,1,10333.0,31.312121212121212
261,LP001868,1,0,0.0,0,0,2060,2209.0,134.0,360.0,1.0,1,1,1,4269.0,31.85820895522388
262,LP001870,0,0,1.0,0,0,3481,0.0,155.0,36.0,1.0,1,0,0,3481.0,22.45806451612903
263,LP001871,0,0,0.0,0,0,7200,0.0,120.0,360.0,1.0,0,1,1,7200.0,60.0
264,LP001872,1,0,0.0,0,1,5166,0.0,128.0,360.0,1.0,1,1,1,5166.0,40.359375
265,LP001875,1,0,0.0,0,0,4095,3447.0,151.0,360.0,1.0,0,1,1,7542.0,49.94701986754967
266,LP001877,1,1,2.0,0,0,4708,1387.0,150.0,360.0,1.0,1,1,1,6095.0,40.63333333333333
267,LP001882,1,1,3.0,0,0,4333,1811.0,160.0,360.0,0.0,2,1,1,6144.0,38.4
268,LP001883,0,0,0.0,0,0,3418,0.0,135.0,360.0,1.0,0,0,0,3418.0,25.31851851851852
269,LP001884,0,0,1.0,0,0,2876,1560.0,90.0,360.0,1.0,2,1,1,4436.0,49.28888888888889
270,LP001888,0,0,0.0,0,0,3237,0.0,30.0,360.0,1.0,2,1,1,3237.0,107.9
271,LP001891,1,1,0.0,0,0,11146,0.0,136.0,360.0,1.0,2,1,1,11146.0,81.95588235294117
272,LP001892,1,0,0.0,0,0,2833,1857.0,126.0,360.0,1.0,0,1,1,4690.0,37.22222222222222
273,LP001894,1,1,0.0,0,0,2620,2223.0,150.0,360.0,1.0,1,1,1,4843.0,32.28666666666667
274,LP001896,1,1,2.0,0,0,3900,0.0,90.0,360.0,1.0,1,1,1,3900.0,43.333333333333336
275,LP001900,1,1,1.0,0,0,2750,1842.0,115.0,360.0,1.0,1,1,1,4592.0,39.93043478260869
276,LP001903,1,1,0.0,0,0,3993,3274.0,207.0,360.0,1.0,1,1,1,7267.0,35.106280193236714
277,LP001904,1,1,0.0,0,0,3103,1300.0,80.0,360.0,1.0,2,1,1,4403.0,55.0375
278,LP001907,1,1,0.0,0,0,14583,0.0,436.0,360.0,1.0,1,1,1,14583.0,33.44724770642202
279,LP001908,0,1,0.0,1,0,4100,0.0,124.0,360.0,1.0,0,1,1,4100.0,33.064516129032256
280,LP001910,1,0,1.0,1,1,4053,2426.0,158.0,360.0,0.0,2,0,0,6479.0,41.00632911392405
281,LP001914,1,1,0.0,0,0,3927,800.0,112.0,360.0,1.0,1,1,1,4727.0,42.205357142857146
282,LP001915,1,1,2.0,0,0,2301,985.7999878,78.0,180.0,1.0,2,1,1,3286.7999878,42.13846138205128
283,LP001917,0,0,0.0,0,0,1811,1666.0,54.0,360.0,1.0,2,1,1,3477.0,64.38888888888889
284,LP001922,1,1,0.0,0,0,20667,0.0,128.0,360.0,1.0,0,0,0,20667.0,161.4609375
285,LP001924,1,0,0.0,0,0,3158,3053.0,89.0,360.0,1.0,0,1,1,6211.0,69.78651685393258
286,LP001925,0,0,0.0,0,1,2600,1717.0,99.0,300.0,1.0,1,0,0,4317.0,43.60606060606061
287,LP001926,1,1,0.0,0,0,3704,2000.0,120.0,360.0,1.0,0,1,1,5704.0,47.53333333333333
288,LP001931,0,0,0.0,0,0,4124,0.0,115.0,360.0,1.0,1,1,1,4124.0,35.86086956521739
289,LP001935,1,0,0.0,0,0,9508,0.0,187.0,360.0,1.0,0,1,1,9508.0,50.844919786096256
290,LP001936,1,1,0.0,0,0,3075,2416.0,139.0,360.0,1.0,0,1,1,5491.0,39.50359712230216
291,LP001938,1,1,2.0,0,0,4400,0.0,127.0,360.0,0.0,1,0,0,4400.0,34.645669291338585
292,LP001940,1,1,2.0,0,0,3153,1560.0,134.0,360.0,1.0,2,1,1,4713.0,35.17164179104478
293,LP001945,0,0,0.0,0,0,5417,0.0,143.0,480.0,0.0,2,0,0,5417.0,37.88111888111888
294,LP001947,1,1,0.0,0,0,2383,3334.0,172.0,360.0,1.0,1,1,1,5717.0,33.23837209302326
295,LP001949,1,1,3.0,0,0,4416,1250.0,110.0,360.0,1.0,2,1,1,5666.0,51.50909090909091
296,LP001953,1,1,1.0,0,0,6875,0.0,200.0,360.0,1.0,1,1,1,6875.0,34.375
297,LP001954,0,1,1.0,0,0,4666,0.0,135.0,360.0,1.0,2,1,1,4666.0,34.56296296296296
298,LP001955,0,0,0.0,0,0,5000,2541.0,151.0,480.0,1.0,0,0,0,7541.0,49.94039735099338
299,LP001963,1,1,1.0,0,0,2014,2925.0,113.0,360.0,1.0,2,0,0,4939.0,43.70796460176991
300,LP001964,1,1,0.0,1,0,1800,2934.0,93.0,360.0,0.0,2,0,0,4734.0,50.903225806451616
301,LP001972,1,1,0.0,1,0,2875,1750.0,105.0,360.0,1.0,1,1,1,4625.0,44.04761904761905
302,LP001974,0,0,0.0,0,0,5000,0.0,132.0,360.0,1.0,0,1,1,5000.0,37.878787878787875
303,LP001977,1,1,1.0,0,0,1625,1803.0,96.0,360.0,1.0,2,1,1,3428.0,35.708333333333336
304,LP001978,1,0,0.0,0,0,4000,2500.0,140.0,360.0,1.0,0,1,1,6500.0,46.42857142857143
305,LP001990,1,0,0.0,1,0,2000,0.0,128.0,360.0,1.0,2,0,0,2000.0,15.625
306,LP001993,0,0,0.0,0,0,3762,1666.0,135.0,360.0,1.0,0,1,1,5428.0,40.20740740740741
307,LP001994,0,0,0.0,0,0,2400,1863.0,104.0,360.0,0.0,2,0,0,4263.0,40.99038461538461
308,LP001996,1,0,0.0,0,0,20233,0.0,480.0,360.0,1.0,0,0,0,20233.0,42.15208333333333
309,LP001998,1,1,2.0,1,0,7667,0.0,185.0,360.0,1.0,0,1,1,7667.0,41.443243243243245
310,LP002002,0,0,0.0,0,0,2917,0.0,84.0,360.0,1.0,1,1,1,2917.0,34.726190476190474
311,LP002004,1,0,0.0,1,0,2927,2405.0,111.0,360.0,1.0,1,1,1,5332.0,48.03603603603604
312,LP002006,0,0,0.0,0,0,2507,0.0,56.0,360.0,1.0,0,1,1,2507.0,44.767857142857146
313,LP002008,1,1,2.0,0,1,5746,0.0,144.0,84.0,1.0,0,1,1,5746.0,39.90277777777778
314,LP002024,1,1,0.0,0,0,2473,1843.0,159.0,360.0,1.0,0,0,0,4316.0,27.144654088050313
315,LP002031,1,1,1.0,1,0,3399,1640.0,111.0,180.0,1.0,2,1,1,5039.0,45.3963963963964
316,LP002035,1,1,2.0,0,0,3717,0.0,120.0,360.0,1.0,1,1,1,3717.0,30.975
317,LP002036,1,1,0.0,0,0,2058,2134.0,88.0,360.0,1.0,2,1,1,4192.0,47.63636363636363
318,LP002043,0,0,1.0,0,0,3541,0.0,112.0,360.0,1.0,1,1,1,3541.0,31.616071428571427
319,LP002050,1,1,1.0,0,1,10000,0.0,155.0,360.0,1.0,0,0,0,10000.0,64.51612903225806
320,LP002051,1,1,0.0,0,0,2400,2167.0,115.0,360.0,1.0,1,1,1,4567.0,39.71304347826087
321,LP002053,1,1,3.0,0,0,4342,189.0,124.0,360.0,1.0,1,1,1,4531.0,36.54032258064516
322,LP002054,1,1,2.0,1,0,3601,1590.0,128.0,360.0,1.0,0,1,1,5191.0,40.5546875
323,LP002055,0,0,0.0,0,0,3166,2985.0,132.0,360.0,1.0,0,1,1,6151.0,46.59848484848485
324,LP002065,1,1,3.0,0,0,15000,0.0,300.0,360.0,1.0,0,1,1,15000.0,50.0
325,LP002067,1,1,1.0,0,1,8666,4983.0,376.0,360.0,0.0,0,0,0,13649.0,36.30053191489362
326,LP002068,1,0,0.0,0,0,4917,0.0,130.0,360.0,0.0,0,1,1,4917.0,37.823076923076925
327,LP002082,1,1,0.0,0,1,5818,2160.0,184.0,360.0,1.0,1,1,1,7978.0,43.358695652173914
328,LP002086,0,1,0.0,0,0,4333,2451.0,110.0,360.0,1.0,2,0,0,6784.0,61.67272727272727
329,LP002087,0,0,0.0,0,0,2500,0.0,67.0,360.0,1.0,2,1,1,2500.0,37.3134328358209
330,LP002097,1,0,1.0,0,0,4384,1793.0,117.0,360.0,1.0,2,1,1,6177.0,52.794871794871796
331,LP002098,1,0,0.0,0,0,2935,0.0,98.0,360.0,1.0,1,1,1,2935.0,29.948979591836736
332,LP002100,1,0,0.0,0,0,2833,0.0,71.0,360.0,1.0,2,1,1,2833.0,39.901408450704224
333,LP002101,1,1,0.0,0,0,63337,0.0,490.0,180.0,1.0,2,1,1,63337.0,129.25918367346938
334,LP002103,1,1,1.0,0,1,9833,1833.0,182.0,180.0,1.0,2,1,1,11666.0,64.0989010989011
335,LP002106,1,1,0.0,0,1,5503,4490.0,70.0,360.0,1.0,1,1,1,9993.0,142.75714285714287
336,LP002110,1,1,1.0,0,0,5250,688.0,160.0,360.0,1.0,0,1,1,5938.0,37.1125
337,LP002112,1,1,2.0,0,1,2500,4600.0,176.0,360.0,1.0,0,1,1,7100.0,40.34090909090909
338,LP002113,0,0,3.0,1,0,1830,0.0,128.0,360.0,0.0,2,0,0,1830.0,14.296875
339,LP002114,0,0,0.0,0,0,4160,0.0,71.0,360.0,1.0,1,1,1,4160.0,58.59154929577465
340,LP002115,1,1,3.0,1,0,2647,1587.0,173.0,360.0,1.0,0,0,0,4234.0,24.473988439306357
341,LP002116,0,0,0.0,0,0,2378,0.0,46.0,360.0,1.0,0,0,0,2378.0,51.69565217391305
342,LP002119,1,1,1.0,1,0,4554,1229.0,158.0,360.0,1.0,2,1,1,5783.0,36.60126582278481
343,LP002126,1,1,3.0,1,0,3173,0.0,74.0,360.0,1.0,1,1,1,3173.0,42.87837837837838
344,LP002128,1,1,2.0,0,0,2583,2330.0,125.0,360.0,1.0,0,1,1,4913.0,39.304
345,LP002129,1,1,0.0,0,0,2499,2458.0,160.0,360.0,1.0,1,1,1,4957.0,30.98125
346,LP002130,1,1,0.0,1,0,3523,3230.0,152.0,360.0,0.0,0,0,0,6753.0,44.42763157894737
347,LP002131,1,1,2.0,1,0,3083,2168.0,126.0,360.0,1.0,2,1,1,5251.0,41.67460317460318
348,LP002137,1,1,0.0,0,0,6333,4583.0,259.0,360.0,1.0,1,1,1,10916.0,42.14671814671814
349,LP002138,1,1,0.0,0,0,2625,6250.0,187.0,360.0,1.0,0,1,1,8875.0,47.45989304812834
350,LP002139,1,1,0.0,0,0,9083,0.0,228.0,360.0,1.0,1,1,1,9083.0,39.83771929824562
351,LP002140,1,0,0.0,0,0,8750,4167.0,308.0,360.0,1.0,0,0,0,12917.0,41.938311688311686
352,LP002141,1,1,3.0,0,0,2666,2083.0,95.0,360.0,1.0,0,1,1,4749.0,49.98947368421052
353,LP002142,0,1,0.0,0,1,5500,0.0,105.0,360.0,0.0,0,0,0,5500.0,52.38095238095238
354,LP002143,0,1,0.0,0,0,2423,505.0,130.0,360.0,1.0,1,1,1,2928.0,22.523076923076925
355,LP002144,0,0,0.0,0,0,3813,0.0,116.0,180.0,1.0,2,1,1,3813.0,32.87068965517241
356,LP002149,1,1,2.0,0,0,8333,3167.0,165.0,360.0,1.0,0,1,1,11500.0,69.6969696969697
357,LP002151,1,1,1.0,0,0,3875,0.0,67.0,360.0,1.0,2,0,0,3875.0,57.83582089552239
358,LP002158,1,1,0.0,1,0,3000,1666.0,100.0,480.0,0.0,2,0,0,4666.0,46.66
359,LP002160,1,1,3.0,0,0,5167,3167.0,200.0,360.0,1.0,1,1,1,8334.0,41.67
360,LP002161,0,0,1.0,0,0,4723,0.0,81.0,360.0,1.0,1,0,0,4723.0,58.30864197530864
361,LP002170,1,1,2.0,0,0,5000,3667.0,236.0,360.0,1.0,1,1,1,8667.0,36.72457627118644
362,LP002175,1,1,0.0,0,0,4750,2333.0,130.0,360.0,1.0,2,1,1,7083.0,54.48461538461538
363,LP002178,1,1,0.0,0,0,3013,3033.0,95.0,300.0,1.0,2,1,1,6046.0,63.642105263157895
364,LP002180,1,0,0.0,0,1,6822,0.0,141.0,360.0,1.0,0,1,1,6822.0,48.38297872340426
365,LP002181,1,0,0.0,1,0,6216,0.0,133.0,360.0,1.0,0,0,0,6216.0,46.73684210526316
366,LP002187,1,0,0.0,0,0,2500,0.0,96.0,480.0,1.0,1,0,0,2500.0,26.041666666666668
367,LP002188,1,0,0.0,0,0,5124,0.0,124.0,360.0,0.0,0,0,0,5124.0,41.32258064516129
368,LP002190,1,1,1.0,0,0,6325,0.0,175.0,360.0,1.0,1,1,1,6325.0,36.142857142857146
369,LP002191,1,1,0.0,0,0,19730,5266.0,570.0,360.0,1.0,0,0,0,24996.0,43.85263157894737
370,LP002194,0,0,0.0,0,1,15759,0.0,55.0,360.0,1.0,1,1,1,15759.0,286.5272727272727
371,LP002197,1,1,2.0,0,0,5185,0.0,155.0,360.0,1.0,1,1,1,5185.0,33.45161290322581
372,LP002201,1,1,2.0,0,1,9323,7873.0,380.0,300.0,1.0,0,1,1,17196.0,45.252631578947366
373,LP002205,1,0,1.0,0,0,3062,1987.0,111.0,180.0,0.0,2,0,0,5049.0,45.486486486486484
374,LP002209,0,0,0.0,0,0,2764,1459.0,110.0,360.0,1.0,2,1,1,4223.0,38.39090909090909
375,LP002211,1,1,0.0,0,0,4817,923.0,120.0,180.0,1.0,2,1,1,5740.0,47.833333333333336
376,LP002219,1,1,3.0,0,0,8750,4996.0,130.0,360.0,1.0,0,1,1,13746.0,105.73846153846154
377,LP002223,1,1,0.0,0,0,4310,0.0,130.0,360.0,1.0,1,1,1,4310.0,33.15384615384615
378,LP002224,1,0,0.0,0,0,3069,0.0,71.0,480.0,1.0,2,0,0,3069.0,43.225352112676056
379,LP002225,1,1,2.0,0,0,5391,0.0,130.0,360.0,1.0,2,1,1,5391.0,41.46923076923077
380,LP002226,1,1,0.0,0,0,3333,2500.0,128.0,360.0,1.0,1,1,1,5833.0,45.5703125
381,LP002229,1,0,0.0,0,0,5941,4232.0,296.0,360.0,1.0,1,1,1,10173.0,34.36824324324324
382,LP002231,0,0,0.0,0,0,6000,0.0,156.0,360.0,1.0,2,1,1,6000.0,38.46153846153846
383,LP002234,1,0,0.0,0,1,7167,0.0,128.0,360.0,1.0,2,1,1,7167.0,55.9921875
384,LP002236,1,1,2.0,0,0,4566,0.0,100.0,360.0,1.0,2,0,0,4566.0,45.66
385,LP002237,1,0,1.0,0,0,3667,0.0,113.0,180.0,1.0,2,1,1,3667.0,32.45132743362832
386,LP002239,1,0,0.0,1,0,2346,1600.0,132.0,360.0,1.0,1,1,1,3946.0,29.893939393939394
387,LP002243,1,1,0.0,1,0,3010,3136.0,128.0,360.0,0.0,2,0,0,6146.0,48.015625
388,LP002244,1,1,0.0,0,0,2333,2417.0,136.0,360.0,1.0,2,1,1,4750.0,34.9264705882353
389,LP002250,1,1,0.0,0,0,5488,0.0,125.0,360.0,1.0,0,1,1,5488.0,43.904
390,LP002255,1,0,3.0,0,0,9167,0.0,185.0,360.0,1.0,0,1,1,9167.0,49.55135135135135
391,LP002262,1,1,3.0,0,0,9504,0.0,275.0,360.0,1.0,0,1,1,9504.0,34.56
392,LP002263,1,1,0.0,0,0,2583,2115.0,120.0,360.0,1.0,2,1,1,4698.0,39.15
393,LP002265,1,1,2.0,1,0,1993,1625.0,113.0,180.0,1.0,1,1,1,3618.0,32.017699115044245
394,LP002266,1,1,2.0,0,0,3100,1400.0,113.0,360.0,1.0,2,1,1,4500.0,39.823008849557525
395,LP002272,1,1,2.0,0,0,3276,484.0,135.0,360.0,1.0,1,1,1,3760.0,27.85185185185185
396,LP002277,0,0,0.0,0,0,3180,0.0,71.0,360.0,0.0,2,0,0,3180.0,44.7887323943662
397,LP002281,1,1,0.0,0,0,3033,1459.0,95.0,360.0,1.0,2,1,1,4492.0,47.28421052631579
398,LP002284,1,0,0.0,1,0,3902,1666.0,109.0,360.0,1.0,0,1,1,5568.0,51.08256880733945
399,LP002287,0,0,0.0,0,0,1500,1800.0,103.0,360.0,0.0,1,0,0,3300.0,32.03883495145631
400,LP002288,1,1,2.0,1,0,2889,0.0,45.0,180.0,0.0,2,0,0,2889.0,64.2
401,LP002296,1,0,0.0,1,0,2755,0.0,65.0,300.0,1.0,0,0,0,2755.0,42.38461538461539
402,LP002297,1,0,0.0,0,0,2500,20000.0,103.0,360.0,1.0,1,1,1,22500.0,218.44660194174756
403,LP002300,0,0,0.0,1,0,1963,0.0,53.0,360.0,1.0,1,1,1,1963.0,37.0377358490566
404,LP002301,0,0,0.0,0,1,7441,0.0,194.0,360.0,1.0,0,0,0,7441.0,38.355670103092784
405,LP002305,0,0,0.0,0,0,4547,0.0,115.0,360.0,1.0,1,1,1,4547.0,39.53913043478261
406,LP002308,1,1,0.0,1,0,2167,2400.0,115.0,360.0,1.0,2,1,1,4567.0,39.71304347826087
407,LP002314,0,0,0.0,1,0,2213,0.0,66.0,360.0,1.0,0,1,1,2213.0,33.53030303030303
408,LP002315,1,1,1.0,0,0,8300,0.0,152.0,300.0,0.0,1,0,0,8300.0,54.60526315789474
409,LP002317,1,1,3.0,0,0,81000,0.0,360.0,360.0,0.0,0,0,0,81000.0,225.0
410,LP002318,0,0,1.0,1,1,3867,0.0,62.0,360.0,1.0,1,0,0,3867.0,62.37096774193548
411,LP002319,1,1,0.0,0,0,6256,0.0,160.0,360.0,1.0,2,1,1,6256.0,39.1
412,LP002328,1,1,0.0,1,0,6096,0.0,218.0,360.0,0.0,0,0,0,6096.0,27.96330275229358
413,LP002332,1,1,0.0,1,0,2253,2033.0,110.0,360.0,1.0,0,1,1,4286.0,38.96363636363636
414,LP002335,0,1,0.0,1,0,2149,3237.0,178.0,360.0,0.0,1,0,0,5386.0,30.258426966292134
415,LP002337,0,0,0.0,0,0,2995,0.0,60.0,360.0,1.0,2,1,1,2995.0,49.916666666666664
416,LP002341,0,0,1.0,0,0,2600,0.0,160.0,360.0,1.0,2,0,0,2600.0,16.25
417,LP002342,1,1,2.0,0,1,1600,20000.0,239.0,360.0,1.0,2,0,0,21600.0,90.3765690376569
418,LP002345,1,1,0.0,0,0,1025,2773.0,112.0,360.0,1.0,0,1,1,3798.0,33.910714285714285
419,LP002347,1,1,0.0,0,0,3246,1417.0,138.0,360.0,1.0,1,1,1,4663.0,33.789855072463766
420,LP002348,1,1,0.0,0,0,5829,0.0,138.0,360.0,1.0,0,1,1,5829.0,42.23913043478261
421,LP002357,0,0,0.0,1,0,2720,0.0,80.0,360.0,0.0,2,0,0,2720.0,34.0
422,LP002361,1,1,0.0,0,0,1820,1719.0,100.0,360.0,1.0,2,1,1,3539.0,35.39
423,LP002362,1,1,1.0,0,0,7250,1667.0,110.0,360.0,0.0,2,0,0,8917.0,81.06363636363636
424,LP002364,1,1,0.0,0,0,14880,0.0,96.0,360.0,1.0,1,1,1,14880.0,155.0
425,LP002366,1,1,0.0,0,0,2666,4300.0,121.0,360.0,1.0,0,1,1,6966.0,57.570247933884296
426,LP002367,0,0,1.0,1,0,4606,0.0,81.0,360.0,1.0,0,0,0,4606.0,56.864197530864196
427,LP002368,1,1,2.0,0,0,5935,0.0,133.0,360.0,1.0,1,1,1,5935.0,44.62406015037594
428,LP002369,1,1,0.0,0,0,2920,16.12000084,87.0,360.0,1.0,0,1,1,2936.12000084,33.74850575678161
429,LP002370,1,0,0.0,1,0,2717,0.0,60.0,180.0,1.0,2,1,1,2717.0,45.28333333333333
430,LP002377,0,0,1.0,0,1,8624,0.0,150.0,360.0,1.0,1,1,1,8624.0,57.49333333333333
431,LP002379,1,0,0.0,0,0,6500,0.0,105.0,360.0,0.0,0,0,0,6500.0,61.904761904761905
432,LP002386,1,0,0.0,0,0,12876,0.0,405.0,360.0,1.0,1,1,1,12876.0,31.79259259259259
433,LP002387,1,1,0.0,0,0,2425,2340.0,143.0,360.0,1.0,1,1,1,4765.0,33.32167832167832
434,LP002390,1,0,0.0,0,0,3750,0.0,100.0,360.0,1.0,2,1,1,3750.0,37.5
435,LP002393,0,1,0.0,0,0,10047,0.0,128.0,240.0,1.0,1,1,1,10047.0,78.4921875
436,LP002398,1,0,0.0,0,0,1926,1851.0,50.0,360.0,1.0,1,1,1,3777.0,75.54
437,LP002401,1,1,0.0,0,0,2213,1125.0,128.0,360.0,1.0,2,1,1,3338.0,26.078125
438,LP002403,1,0,0.0,0,1,10416,0.0,187.0,360.0,0.0,2,0,0,10416.0,55.70053475935829
439,LP002407,0,1,0.0,1,1,7142,0.0,138.0,360.0,1.0,0,1,1,7142.0,51.7536231884058
440,LP002408,1,0,0.0,0,0,3660,5064.0,187.0,360.0,1.0,1,1,1,8724.0,46.6524064171123
441,LP002409,1,1,0.0,0,0,7901,1833.0,180.0,360.0,1.0,0,1,1,9734.0,54.077777777777776
442,LP002418,1,0,3.0,1,0,4707,1993.0,148.0,360.0,1.0,1,1,1,6700.0,45.270270270270274
443,LP002422,1,0,1.0,0,0,37719,0.0,152.0,360.0,1.0,1,1,1,37719.0,248.15131578947367
444,LP002424,1,1,0.0,0,0,7333,8333.0,175.0,300.0,1.0,0,1,1,15666.0,89.52
445,LP002429,1,1,1.0,0,1,3466,1210.0,130.0,360.0,1.0,0,1,1,4676.0,35.96923076923077
446,LP002434,1,1,2.0,1,0,4652,0.0,110.0,360.0,1.0,0,1,1,4652.0,42.29090909090909
447,LP002435,1,1,0.0,0,0,3539,1376.0,55.0,360.0,1.0,0,0,0,4915.0,89.36363636363636
448,LP002443,1,1,2.0,0,0,3340,1710.0,150.0,360.0,0.0,0,0,0,5050.0,33.666666666666664
449,LP002444,1,0,1.0,1,1,2769,1542.0,190.0,360.0,1.0,1,0,0,4311.0,22.689473684210526
450,LP002446,1,1,2.0,1,0,2309,1255.0,125.0,360.0,0.0,0,0,0,3564.0,28.512
451,LP002447,1,1,2.0,1,0,1958,1456.0,60.0,300.0,1.0,2,1,1,3414.0,56.9
452,LP002448,1,1,0.0,0,0,3948,1733.0,149.0,360.0,0.0,0,0,0,5681.0,38.12751677852349
453,LP002449,1,1,0.0,0,0,2483,2466.0,90.0,180.0,0.0,0,1,1,4949.0,54.98888888888889
454,LP002453,1,0,0.0,0,1,7085,0.0,84.0,360.0,1.0,1,1,1,7085.0,84.3452380952381
455,LP002455,1,1,2.0,0,0,3859,0.0,96.0,360.0,1.0,1,1,1,3859.0,40.197916666666664
456,LP002459,1,1,0.0,0,0,4301,0.0,118.0,360.0,1.0,2,1,1,4301.0,36.44915254237288
457,LP002467,1,1,0.0,0,0,3708,2569.0,173.0,360.0,1.0,2,0,0,6277.0,36.283236994219656
458,LP002472,1,0,2.0,0,0,4354,0.0,136.0,360.0,1.0,0,1,1,4354.0,32.01470588235294
459,LP002473,1,1,0.0,0,0,8334,0.0,160.0,360.0,1.0,1,0,0,8334.0,52.0875
460,LP002478,1,1,0.0,0,1,2083,4083.0,160.0,360.0,1.0,1,1,1,6166.0,38.5375
461,LP002484,1,1,3.0,0,0,7740,0.0,128.0,180.0,1.0,2,1,1,7740.0,60.46875
462,LP002487,1,1,0.0,0,0,3015,2188.0,153.0,360.0,1.0,0,1,1,5203.0,34.00653594771242
463,LP002489,0,0,1.0,1,0,5191,0.0,132.0,360.0,1.0,1,1,1,5191.0,39.32575757575758
464,LP002493,1,0,0.0,0,0,4166,0.0,98.0,360.0,0.0,1,0,0,4166.0,42.51020408163265
465,LP002494,1,0,0.0,0,0,6000,0.0,140.0,360.0,1.0,0,1,1,6000.0,42.857142857142854
466,LP002500,1,1,3.0,1,0,2947,1664.0,70.0,180.0,0.0,2,0,0,4611.0,65.87142857142857
467,LP002501,1,1,0.0,0,0,16692,0.0,110.0,360.0,1.0,1,1,1,16692.0,151.74545454545455
468,LP002502,0,1,2.0,1,0,210,2917.0,98.0,360.0,1.0,1,1,1,3127.0,31.908163265306122
469,LP002505,1,1,0.0,0,0,4333,2451.0,110.0,360.0,1.0,2,0,0,6784.0,61.67272727272727
470,LP002515,1,1,1.0,0,1,3450,2079.0,162.0,360.0,1.0,1,1,1,5529.0,34.129629629629626
471,LP002517,1,1,1.0,1,0,2653,1500.0,113.0,180.0,0.0,0,0,0,4153.0,36.75221238938053
472,LP002519,1,1,3.0,0,0,4691,0.0,100.0,360.0,1.0,1,1,1,4691.0,46.91
473,LP002522,0,0,0.0,0,1,2500,0.0,93.0,360.0,1.0,2,1,1,2500.0,26.881720430107528
474,LP002524,1,0,2.0,0,0,5532,4648.0,162.0,360.0,1.0,0,1,1,10180.0,62.839506172839506
475,LP002527,1,1,2.0,0,1,16525,1014.0,150.0,360.0,1.0,0,1,1,17539.0,116.92666666666666
476,LP002529,1,1,2.0,0,0,6700,1750.0,230.0,300.0,1.0,1,1,1,8450.0,36.73913043478261
477,LP002530,1,1,2.0,0,0,2873,1872.0,132.0,360.0,0.0,1,0,0,4745.0,35.946969696969695
478,LP002531,1,1,1.0,0,1,16667,2250.0,86.0,360.0,1.0,1,1,1,18917.0,219.96511627906978
479,LP002533,1,1,2.0,0,0,2947,1603.0,128.0,360.0,1.0,2,0,0,4550.0,35.546875
480,LP002534,0,0,0.0,1,0,4350,0.0,154.0,360.0,1.0,0,1,1,4350.0,28.246753246753247
481,LP002536,1,1,3.0,1,0,3095,0.0,113.0,360.0,1.0,0,1,1,3095.0,27.38938053097345
482,LP002537,1,1,0.0,0,0,2083,3150.0,128.0,360.0,1.0,1,1,1,5233.0,40.8828125
483,LP002541,1,1,0.0,0,0,10833,0.0,234.0,360.0,1.0,1,1,1,10833.0,46.294871794871796
484,LP002543,1,1,2.0,0,0,8333,0.0,246.0,360.0,1.0,1,1,1,8333.0,33.8739837398374
485,LP002544,1,1,1.0,1,0,1958,2436.0,131.0,360.0,1.0,0,1,1,4394.0,33.541984732824424
486,LP002545,1,0,2.0,0,0,3547,0.0,80.0,360.0,0.0,0,0,0,3547.0,44.3375
487,LP002547,1,1,1.0,0,0,18333,0.0,500.0,360.0,1.0,2,0,0,18333.0,36.666
488,LP002555,1,1,2.0,0,1,4583,2083.0,160.0,360.0,1.0,1,1,1,6666.0,41.6625
489,LP002556,1,0,0.0,0,0,2435,0.0,75.0,360.0,1.0,2,0,0,2435.0,32.46666666666667
490,LP002560,1,0,0.0,1,0,2699,2785.0,96.0,360.0,1.0,1,1,1,5484.0,57.125
491,LP002562,1,1,1.0,1,0,5333,1131.0,186.0,360.0,1.0,2,1,1,6464.0,34.75268817204301
492,LP002571,1,0,0.0,1,0,3691,0.0,110.0,360.0,1.0,0,1,1,3691.0,33.554545454545455
493,LP002582,0,0,0.0,1,1,17263,0.0,225.0,360.0,1.0,1,1,1,17263.0,76.72444444444444
494,LP002585,1,1,0.0,0,0,3597,2157.0,119.0,360.0,0.0,0,0,0,5754.0,48.35294117647059
495,LP002586,0,1,1.0,0,0,3326,913.0,105.0,84.0,1.0,1,1,1,4239.0,40.371428571428574
496,LP002587,1,1,0.0,1,0,2600,1700.0,107.0,360.0,1.0,0,1,1,4300.0,40.18691588785047
497,LP002588,1,1,0.0,0,0,4625,2857.0,111.0,12.0,1.0,2,1,1,7482.0,67.4054054054054
498,LP002600,1,1,1.0,0,1,2895,0.0,95.0,360.0,1.0,1,1,1,2895.0,30.473684210526315
499,LP002602,1,0,0.0,0,0,6283,4416.0,209.0,360.0,0.0,0,0,0,10699.0,51.19138755980861
500,LP002603,0,0,0.0,0,0,645,3683.0,113.0,480.0,1.0,0,1,1,4328.0,38.30088495575221
501,LP002606,0,0,0.0,0,0,3159,0.0,100.0,360.0,1.0,1,1,1,3159.0,31.59
502,LP002615,1,1,2.0,0,0,4865,5624.0,208.0,360.0,1.0,1,1,1,10489.0,50.42788461538461
503,LP002618,1,1,1.0,1,0,4050,5302.0,138.0,360.0,1.0,0,0,0,9352.0,67.76811594202898
504,LP002619,1,1,0.0,1,0,3814,1483.0,124.0,300.0,1.0,1,1,1,5297.0,42.71774193548387
505,LP002622,1,1,2.0,0,0,3510,4416.0,243.0,360.0,1.0,0,1,1,7926.0,32.617283950617285
506,LP002624,1,1,0.0,0,0,20833,6667.0,480.0,360.0,1.0,2,1,1,27500.0,57.291666666666664
507,LP002625,1,0,0.0,0,0,3583,0.0,96.0,360.0,1.0,2,0,0,3583.0,37.322916666666664
508,LP002626,1,1,0.0,0,1,2479,3013.0,188.0,360.0,1.0,2,1,1,5492.0,29.21276595744681
509,LP002634,0,0,1.0,0,0,13262,0.0,40.0,360.0,1.0,2,1,1,13262.0,331.55
510,LP002637,1,0,0.0,1,0,3598,1287.0,100.0,360.0,1.0,0,0,0,4885.0,48.85
511,LP002640,1,1,1.0,0,0,6065,2004.0,250.0,360.0,1.0,1,1,1,8069.0,32.276
512,LP002643,1,1,2.0,0,0,3283,2035.0,148.0,360.0,1.0,2,1,1,5318.0,35.932432432432435
513,LP002648,1,1,0.0,0,0,2130,6666.0,70.0,180.0,1.0,1,0,0,8796.0,125.65714285714286
514,LP002652,1,0,0.0,0,0,5815,3666.0,311.0,360.0,1.0,0,0,0,9481.0,30.485530546623796
515,LP002659,1,1,3.0,0,0,3466,3428.0,150.0,360.0,1.0,0,1,1,6894.0,45.96
516,LP002670,0,1,2.0,0,0,2031,1632.0,113.0,480.0,1.0,1,1,1,3663.0,32.415929203539825
517,LP002682,1,1,0.0,1,0,3074,1800.0,123.0,360.0,0.0,1,0,0,4874.0,39.6260162601626
518,LP002683,1,0,0.0,0,0,4683,1915.0,185.0,360.0,1.0,1,0,0,6598.0,35.66486486486487
519,LP002684,0,0,0.0,1,0,3400,0.0,95.0,360.0,1.0,0,0,0,3400.0,35.78947368421053
520,LP002689,1,1,2.0,1,0,2192,1742.0,45.0,360.0,1.0,1,1,1,3934.0,87.42222222222222
521,LP002690,1,0,0.0,0,0,2500,0.0,55.0,360.0,1.0,1,1,1,2500.0,45.45454545454545
522,LP002692,1,1,3.0,0,1,5677,1424.0,100.0,360.0,1.0,0,1,1,7101.0,71.01
523,LP002693,1,1,2.0,0,1,7948,7166.0,480.0,360.0,1.0,0,1,1,15114.0,31.4875
524,LP002697,1,0,0.0,0,0,4680,2087.0,128.0,360.0,1.0,1,0,0,6767.0,52.8671875
525,LP002699,1,1,2.0,0,1,17500,0.0,400.0,360.0,1.0,0,1,1,17500.0,43.75
526,LP002705,1,1,0.0,0,0,3775,0.0,110.0,360.0,1.0,1,1,1,3775.0,34.31818181818182
527,LP002706,1,1,1.0,1,0,5285,1430.0,161.0,360.0,0.0,1,1,1,6715.0,41.70807453416149
528,LP002714,1,0,1.0,1,0,2679,1302.0,94.0,360.0,1.0,1,1,1,3981.0,42.351063829787236
529,LP002716,1,0,0.0,1,0,6783,0.0,130.0,360.0,1.0,1,1,1,6783.0,52.176923076923075
530,LP002717,1,1,0.0,0,0,1025,5500.0,216.0,360.0,1.0,0,1,1,6525.0,30.208333333333332
531,LP002720,1,1,3.0,0,0,4281,0.0,100.0,360.0,1.0,2,1,1,4281.0,42.81
532,LP002723,1,0,2.0,0,0,3588,0.0,110.0,360.0,0.0,0,0,0,3588.0,32.61818181818182
533,LP002729,1,0,1.0,0,0,11250,0.0,196.0,360.0,1.0,1,0,0,11250.0,57.39795918367347
534,LP002731,0,0,0.0,1,1,18165,0.0,125.0,360.0,1.0,2,1,1,18165.0,145.32
535,LP002732,1,0,0.0,1,0,2550,2042.0,126.0,360.0,1.0,0,1,1,4592.0,36.44444444444444
536,LP002734,1,1,0.0,0,0,6133,3906.0,324.0,360.0,1.0,2,1,1,10039.0,30.984567901234566
537,LP002738,1,0,2.0,0,0,3617,0.0,107.0,360.0,1.0,1,1,1,3617.0,33.80373831775701
538,LP002739,1,1,0.0,1,0,2917,536.0,66.0,360.0,1.0,0,0,0,3453.0,52.31818181818182
539,LP002740,1,1,3.0,0,0,6417,0.0,157.0,180.0,1.0,0,1,1,6417.0,40.87261146496815
540,LP002741,0,1,1.0,0,0,4608,2845.0,140.0,180.0,1.0,1,1,1,7453.0,53.23571428571429
541,LP002743,0,0,0.0,0,0,2138,0.0,99.0,360.0,0.0,1,0,0,2138.0,21.595959595959595
542,LP002753,0,0,1.0,0,0,3652,0.0,95.0,360.0,1.0,1,1,1,3652.0,38.44210526315789
543,LP002755,1,1,1.0,1,0,2239,2524.0,128.0,360.0,1.0,2,1,1,4763.0,37.2109375
544,LP002757,0,1,0.0,1,0,3017,663.0,102.0,360.0,1.0,1,1,1,3680.0,36.07843137254902
545,LP002767,1,1,0.0,0,0,2768,1950.0,155.0,360.0,1.0,0,1,1,4718.0,30.438709677419354
546,LP002768,1,0,0.0,1,0,3358,0.0,80.0,36.0,1.0,1,0,0,3358.0,41.975
547,LP002772,1,0,0.0,0,0,2526,1783.0,145.0,360.0,1.0,0,1,1,4309.0,29.717241379310344
548,LP002776,0,0,0.0,0,0,5000,0.0,103.0,360.0,0.0,1,0,0,5000.0,48.54368932038835
549,LP002777,1,1,0.0,0,0,2785,2016.0,110.0,360.0,1.0,0,1,1,4801.0,43.64545454545455
550,LP002778,1,1,2.0,0,1,6633,0.0,128.0,360.0,0.0,0,0,0,6633.0,51.8203125
551,LP002784,1,1,1.0,1,0,2492,2375.0,128.0,360.0,1.0,0,1,1,4867.0,38.0234375
552,LP002785,1,1,1.0,0,0,3333,3250.0,158.0,360.0,1.0,2,1,1,6583.0,41.664556962025316
553,LP002788,1,1,0.0,1,0,2454,2333.0,181.0,360.0,0.0,2,0,0,4787.0,26.447513812154696
554,LP002789,1,1,0.0,0,0,3593,4266.0,132.0,180.0,0.0,0,0,0,7859.0,59.53787878787879
555,LP002792,1,1,1.0,0,0,5468,1032.0,26.0,360.0,1.0,1,1,1,6500.0,250.0
556,LP002794,0,0,0.0,0,0,2667,1625.0,84.0,360.0,1.0,2,1,1,4292.0,51.095238095238095
557,LP002795,1,1,3.0,0,1,10139,0.0,260.0,360.0,1.0,1,1,1,10139.0,38.996153846153845
558,LP002798,1,1,0.0,0,0,3887,2669.0,162.0,360.0,1.0,1,1,1,6556.0,40.46913580246913
559,LP002804,0,1,0.0,0,0,4180,2306.0,182.0,360.0,1.0,1,1,1,6486.0,35.637362637362635
560,LP002807,1,1,2.0,1,0,3675,242.0,108.0,360.0,1.0,1,1,1,3917.0,36.26851851851852
561,LP002813,0,1,1.0,0,1,19484,0.0,600.0,360.0,1.0,1,1,1,19484.0,32.473333333333336
562,LP002820,1,1,0.0,0,0,5923,2054.0,211.0,360.0,1.0,0,1,1,7977.0,37.80568720379147
563,LP002821,1,0,0.0,1,1,5800,0.0,132.0,360.0,1.0,1,1,1,5800.0,43.93939393939394
564,LP002832,1,1,2.0,0,0,8799,0.0,258.0,360.0,0.0,2,0,0,8799.0,34.104651162790695
565,LP002833,1,1,0.0,1,0,4467,0.0,120.0,360.0,1.0,0,1,1,4467.0,37.225
566,LP002836,1,0,0.0,0,0,3333,0.0,70.0,360.0,1.0,2,1,1,3333.0,47.614285714285714
567,LP002837,1,1,3.0,0,0,3400,2500.0,123.0,360.0,0.0,0,0,0,5900.0,47.96747967479675
568,LP002840,0,0,0.0,0,0,2378,0.0,9.0,360.0,1.0,2,0,0,2378.0,264.22222222222223
569,LP002841,1,1,0.0,0,0,3166,2064.0,104.0,360.0,0.0,2,0,0,5230.0,50.28846153846154
570,LP002842,1,1,1.0,0,0,3417,1750.0,186.0,360.0,1.0,2,1,1,5167.0,27.77956989247312
571,LP002847,1,1,0.0,0,0,5116,1451.0,165.0,360.0,0.0,2,0,0,6567.0,39.8
572,LP002855,1,1,2.0,0,0,16666,0.0,275.0,360.0,1.0,2,1,1,16666.0,60.60363636363636
573,LP002862,1,1,2.0,1,0,6125,1625.0,187.0,480.0,1.0,1,0,0,7750.0,41.44385026737968
574,LP002863,1,1,3.0,0,0,6406,0.0,150.0,360.0,1.0,1,0,0,6406.0,42.70666666666666
575,LP002868,1,1,2.0,0,0,3159,461.0,108.0,84.0,1.0,2,1,1,3620.0,33.51851851851852
576,LP002872,1,1,0.0,0,0,3087,2210.0,136.0,360.0,0.0,1,0,0,5297.0,38.9485294117647
577,LP002874,1,0,0.0,0,0,3229,2739.0,110.0,360.0,1.0,2,1,1,5968.0,54.25454545454546
578,LP002877,1,1,1.0,0,0,1782,2232.0,107.0,360.0,1.0,0,1,1,4014.0,37.51401869158879
579,LP002888,1,0,0.0,0,0,3182,2917.0,161.0,360.0,1.0,2,1,1,6099.0,37.88198757763975
580,LP002892,1,1,2.0,0,0,6540,0.0,205.0,360.0,1.0,1,1,1,6540.0,31.902439024390244
581,LP002893,1,0,0.0,0,0,1836,33837.0,90.0,360.0,1.0,2,0,0,35673.0,396.3666666666667
582,LP002894,0,1,0.0,0,0,3166,0.0,36.0,360.0,1.0,1,1,1,3166.0,87.94444444444444
583,LP002898,1,1,1.0,0,0,1880,0.0,61.0,360.0,1.0,0,0,0,1880.0,30.81967213114754
584,LP002911,1,1,1.0,0,0,2787,1917.0,146.0,360.0,0.0,0,0,0,4704.0,32.21917808219178
585,LP002912,1,1,1.0,0,0,4283,3000.0,172.0,84.0,1.0,0,0,0,7283.0,42.343023255813954
586,LP002916,1,1,0.0,0,0,2297,1522.0,104.0,360.0,1.0,2,1,1,3819.0,36.72115384615385
587,LP002917,0,0,0.0,1,0,2165,0.0,70.0,360.0,1.0,1,1,1,2165.0,30.928571428571427
588,LP002925,1,0,0.0,0,0,4750,0.0,94.0,360.0,1.0,1,1,1,4750.0,50.53191489361702
589,LP002926,1,1,2.0,0,1,2726,0.0,106.0,360.0,0.0,1,0,0,2726.0,25.71698113207547
590,LP002928,1,1,0.0,0,0,3000,3416.0,56.0,180.0,1.0,1,1,1,6416.0,114.57142857142857
591,LP002931,1,1,2.0,0,1,6000,0.0,205.0,240.0,1.0,1,0,0,6000.0,29.26829268292683
592,LP002933,1,0,3.0,0,1,9357,0.0,292.0,360.0,1.0,1,1,1,9357.0,32.044520547945204
593,LP002936,1,1,0.0,0,0,3859,3300.0,142.0,180.0,1.0,0,1,1,7159.0,50.41549295774648
594,LP002938,1,1,0.0,0,1,16120,0.0,260.0,360.0,1.0,2,1,1,16120.0,62.0
595,LP002940,1,0,0.0,1,0,3833,0.0,110.0,360.0,1.0,0,1,1,3833.0,34.845454545454544
596,LP002941,1,1,2.0,1,1,6383,1000.0,187.0,360.0,1.0,0,0,0,7383.0,39.481283422459896
597,LP002943,1,0,0.0,0,0,2987,0.0,88.0,360.0,0.0,1,0,0,2987.0,33.94318181818182
598,LP002945,1,1,0.0,0,1,9963,0.0,180.0,360.0,1.0,0,1,1,9963.0,55.35
599,LP002948,1,1,2.0,0,0,5780,0.0,192.0,360.0,1.0,2,1,1,5780.0,30.104166666666668
600,LP002949,0,0,3.0,0,0,416,41667.0,350.0,180.0,1.0,2,0,0,42083.0,120.23714285714286
601,LP002950,1,1,0.0,1,0,2894,2792.0,155.0,360.0,1.0,0,1,1,5686.0,36.68387096774194
602,LP002953,1,1,3.0,0,0,5703,0.0,128.0,360.0,1.0,2,1,1,5703.0,44.5546875
603,LP002958,1,0,0.0,0,0,3676,4301.0,172.0,360.0,1.0,0,1,1,7977.0,46.377906976744185
604,LP002959,0,1,1.0,0,0,12000,0.0,496.0,360.0,1.0,1,1,1,12000.0,24.193548387096776
605,LP002960,1,1,0.0,1,0,2400,3800.0,128.0,180.0,1.0,2,0,0,6200.0,48.4375
606,LP002961,1,1,1.0,0,0,3400,2500.0,173.0,360.0,1.0,1,1,1,5900.0,34.104046242774565
607,LP002964,1,1,2.0,1,0,3987,1411.0,157.0,360.0,1.0,0,1,1,5398.0,34.382165605095544
608,LP002974,1,1,0.0,0,0,3232,1950.0,108.0,360.0,1.0,0,1,1,5182.0,47.98148148148148
609,LP002978,0,0,0.0,0,0,2900,0.0,71.0,360.0,1.0,0,1,1,2900.0,40.84507042253521
610,LP002979,1,1,3.0,0,0,4106,0.0,40.0,180.0,1.0,0,1,1,4106.0,102.65
611,LP002983,1,1,1.0,0,0,8072,240.0,253.0,360.0,1.0,2,1,1,8312.0,32.85375494071146
612,LP002984,1,1,2.0,0,0,7583,0.0,187.0,360.0,1.0,2,1,1,7583.0,40.55080213903744
613,LP002990,0,0,0.0,0,1,4583,0.0,133.0,360.0,0.0,1,0,0,4583.0,34.45864661654135
